Selection Menu	Title	Dry Fragrance	Wet Aroma	Brightness	Flavor	Body	Finish	Sweetness	Clean Cup	Complexity	Uniformity	Cupper Correction	Score
Australia	Australia -Mountain Top Farm	8.5	8.8	8.4	8.8	8.3	8.7	9	6	6	8	7	87.5
Australia	Australia Mountain Top Farm - Bin 478	8.5	8.8	8.4	8.8	8.3	8.7	9	6	6	8	7	87.5
Bali	Bali Natural Monsooned	7.5	7.8	7	8	9.7	8	7	5	8	6.5	8	82.5
Bali	Bali Kintamani Wet-Hull Arabica	8.6	8.2	7.7	8.4	9.5	8.5	7.8	7	8	7	5	85.7
Bali	Bali Organic "Blue Krishna" Kintamani	8.5	8.4	8.4	8.6	8	8.3	7	6.5	6	8	8	85.7
Bali	Bali Kintamani Arabica	8.6	8.2	7.7	8.4	9.5	8.5	7.5	5	8	6.5	7.5	85.4
Sweet Maria	Espresso Workshop #19 - Indo-Afro-Outro	8.6	8.6	8.7	9	9	8.8	7.7	7.5	9	8.5	4	89.4
Sweet Maria	Espresso Workshop #18 - Hypno-Tiki	8.7	9	9	9	8.7	9.1	7.7	8.4	9.3	8.5	4	91.4
Sweet Maria	Espresso Workshop #17 - Ethiopiques	8.8	8.8	8.9	9	9	8.9	8	8.5	9	8	4	90.9
Sweet Maria	Espresso Workshop #16- Lenny Dee-spresso	8.8	8.8	9	9	8.4	8.8	8.5	9	8.5	9	4	91.8
Sweet Maria	Espresso Workshop #15- Les Baxterizer	8.8	8.5	8.8	9	8.7	8.8	8	8	8	8.5	4	89.1
Sweet Maria	Sweet Maria's El Papuma SWP Decaf Blend	8.6	8.2	8.4	8.4	7	8.3	8.2	8	7.5	9	5	86.6
Sweet Maria	Espresso Workshop #14 - El Santo and Johnny	8.7	8.8	8	9	8.7	8.9	8	8.5	8.5	8.5	4	89.6
Sweet Maria	Espresso Workshop #13 - Grace Note	9.2	8.8	9	9.3	8.8	9.4	8.5	8.5	9	8	4	92.5
Sweet Maria	Espresso Workshop #12 - Consonanza	8.8	8.5	8.8	9.3	9	9.5	8.5	8	8	8.5	4	90.9
Sweet Maria	Sweet Maria's Puro Scuro Blend	8.4	8.4	8.4	8.8	8.5	8.7	7.5	7	8.5	7	6	87.2
Sweet Maria	Espresso Workshop #11 "Tono Alto"	8.7	8.8	9.3	9.8	7	9.6	8.5	9	9	8	5	92.7
Sweet Maria	Espresso Workshop #10 Espresso Profundo	8.9	8.7	8.8	9.4	9.3	9.2	7	7	9	7.5	5	89.8
Sweet Maria	Espresso Workshop #9 - Dénouemoi	8.9	8.7	9.1	9.4	9	9.6	7.5	7.5	9	6.5	5	90.2
Sweet Maria	Espresso Workshop #8 - Waw, Bukan Main!	8.8	8.8	9.1	9.5	8.3	9.5	7.5	7	9.3	7.8	5	90.6
Sweet Maria	Espresso Workshop #7 - La Tessitura	8.8	8.8	9.1	9.5	8.3	9.5	7.5	8	9	8	5	91.5
Sweet Maria	Espresso Workshop #6 - "Treble Response"	8.9	8.6	9	9	7	9	7	8.5	9	9	6	91
Sweet Maria	Sweet Maria's Moka Kadir Blend	9	8	6.5	9	10	8.7	6	6	9	6	9	87.2
Sweet Maria	Espresso Workshop #5 - The Breccia Blend	9	9	10	8.5	5.5	9.3	8	8.5	8.5	9	5	90.3
Sweet Maria	Espresso Workshop #4 - The Dextral Strike-Slip	9	8.6	9	9.5	8.7	9.5	7.5	8.5	9	8	4	91.3
Sweet Maria	Espresso Workshop #3 - Basaltic Bourbon	9	8.3	9.5	9	7	9	9	8	8	9	4	89.8
Sweet Maria	Sweet Maria's Puro Scuro Blend	8.4	8.4	8.4	8.8	8.5	8.7	7.5	7	8.5	7	6	87.2
Sweet Maria	Espresso Workshop #2 - Auriferous Espresso	7	10	10	9	6.5	8.5	7	9	7	9	6	89
Sweet Maria	Espresso Workshop #1 - The Ophiolite Blend	9	8.5	7	9	9	9	6	6	9	7	8	87.5
Sweet Maria	Sweet Maria's Moka Kadir Blend	9	8	6.5	9	10	8.7	6	5	9	6	9	86.2
Bolivia	Bolivia Juan Coaquira Mamani Microlot	8.5	8.6	8.8	8.7	7	8.5	8	8.5	7	8	6	87.6
Bolivia	Bolivia Cup of Excellence "Cafe de Montana"	8.7	8.9	9.2	8.8	5	8.7	8	9	8	9	7.5	90.8
Bolivia	Bolivia FTO SHG EP Caranavi	7.8	8.5	8.3	8.3	6.8	8.2	8.5	8	7	8	7	86.4
Burundi	Burundi Kayanza Bwayi	8.5	8.3	8.7	8.6	8.6	8.3	8.5	8.5	8	8	4	88
Burundi	Burundi Kayanza Bwayi No. 7	8.5	8.3	8.5	8.6	8.5	8.3	8.5	8.7	7	8	4	86.9
Brazil	Brazil Dry-Process Mogiana	8	7.5	6.5	8.3	9.5	7.8	7.5	7.5	6	8	7	83.6
Brazil	Brazil Cerrado DP Fazenda Aurea	8	8	7.3	8	9	8	7.5	7.5	5	8	8	84.3
Brazil	Brazil Cup of Excellence - Fazenda do Sertao	8.3	8.5	8.3	8.7	8.5	8.7	8.5	8	7	9	5	88.5
Brazil	Brazil Organic Fazenda Colina	8	8	6.5	8.3	9	8.2	8.3	7.8	6.5	8	7	85.6
Brazil	Brazil Dry Process Bahia Chapada Diamantina	8.5	8.2	6.7	8.8	8.5	8.7	8.5	6	8.5	7	6	85.4
Brazil	Brazil Joao de Campos Yellow Catuai	8.3	8.2	7.4	8.3	9	8.3	7.5	7.5	6	8	7	85.5
Brazil	Brazil Cerrado DP Fazenda Aurea Oct 2010	8	8	7.5	8	9.5	8	7.5	7.5	5	8	8	85
Brazil	Brazil Daterra Farms - Sweet Blue	8.3	8.5	8.2	8.6	8.8	8.5	7	8	6.5	9	6	87.4
Brazil	Brazil Dry-Process Fazenda Rodomunho 2010	8	7.5	7.3	8	9.5	8	7.5	7.5	5	8	8	84.3
Brazil	Brazil Daterra Farms - Yellow Bourbon	7.9	8.6	8.2	8.6	8.8	8.5	7	8	6.5	9	6	87.1
Brazil	Brazil Joao de Campos Yellow Catuai	8.3	8.2	7.4	8.3	9	8.3	7.5	7.5	6	8	7	85.5
Brazil	Brazil Cup of Excellence - Fazenda Sertaozinho	8.6	8.6	8.4	8.7	8.8	8.6	8	8	7	9	4	87.7
Brazil	Brazil Fazenda Campos Altos Peaberry	8.6	8.5	7.5	8.6	9	8.4	7.5	7.5	7	8.5	6	87.1
Brazil	Brazil Joao de Campos WP Decaf	7.4	8	7.8	8.4	9	8.2	8	8	6	8	7	85.8
Brazil	Brazil Joao de Campos Yellow Catuai 	8	7.8	7.4	8	9	8	7.5	7.8	5	8	8	84.5
Brazil	Brazil Cerrado WP Decaf	7	7.5	7.3	8.3	8.7	8	7	8.5	6	8	7	83.3
Brazil	Brazil Cachoeira Yellow Canario Bourbon	8.5	8	8.5	8.5	6.5	8	8.5	7.5	7.5	8	7	86.5
Brazil	Brazil Moreninha Formosa "Raisin" Coffee	8.5	8.2	7	8.5	10	8	7	5.5	8.5	7	9	87.2
Brazil	Brazil Organic Nossa Senhora de Fatima	8.5	7.5	6.5	8.5	9.5	8	8.5	6.5	7.5	8.5	8	87.5
Brazil	Brazil Cerrado DP Fazenda Aurea Dec 2008	7.5	7.5	7	8	9.5	8	7.5	7.5	5	8	8	83.5
Brazil	Brazil Daterra Farms - Sweet Yellow	8.5	8.3	7.8	8.3	9	8.4	8	8	6	9	6	87.3
Brazil	Brazil Fazenda Vista Alegre Natural Dry	8.5	8.5	7	8.8	9.5	8.2	7.5	7.5	8.5	8	5.5	87.5
Brazil	Brazil Dry-Process Mogiana	7.8	7.5	6.5	8.3	9.5	8.1	7.5	7.5	5	8	8	83.7
Brazil	Brazil Jacu Bird Coffee	8.3	8.5	7	8.5	9.5	8.5	7	7	7	8	7	86.3
Brazil	Brazil Cachoeira Yellow Canario Bourbon	8.5	8	8.5	8.5	6.5	8	8.5	7.5	7.5	8	8	87.5
Brazil	Brazil Fazenda Ambiental Fortaleza Celso/Hamilton	8	8.5	8	9	8.7	8.7	7.5	7	9	7	7	88.4
Brazil	Brazil Moreninha Formosa Raisin Coffee MicroLot	8.5	8.2	7	8.5	10	8	7	5.5	8.5	7	9	87.2
Brazil	Brazil Carmo de Minas - Fazenda do Serrado	7.3	7.7	7	8.2	9	8.4	7	6.8	6.6	9	8	85
Brazil	Brazil Daterra Farms - Yellow Bourbon	8.5	8.6	8.4	8.8	8.8	8.7	7	7	6	8	8	87.8
Brazil	Brazil Cerrado WP Decaf	7	7.5	7.3	8	8.7	8	7	8.5	6	8	7	83
Brazil	Brazil Ipanema "Tree Dry-Process"	8.2	7.8	8	8.5	10	8	6	6	7	7	8	84.5
Columbia	Colombia Cauca Popayan WP Decaf	8	8.2	8.4	8.4	7	8.4	7.5	8	6	8	7	84.9
Columbia	Colombia Tolima, Misael Garzon Microlot	8.6	8.7	8.6	8.8	8.6	8.5	8	8	8	9	4	88.8
Columbia	Colombia Gaitania "Los Pijaos de Tolima"	8.5	8.4	8.3	8.8	8.3	8.4	7.5	8	7	8	6	87.2
Columbia	Colombia WP Decaf -Huila Excelso	8	8.3	8.5	8.5	7	8.4	7.5	9	6	8	7	86.2
Columbia	Colombia Cauca -Oro de Suarez	8.5	8.4	8.5	8.8	8	8.4	8	7.2	6	7	7	85.8
Columbia	Colombia Huila San Jose de Isnos	8.7	8.4	8.8	8.7	7	8.6	8.5	8.5	7.5	8	4	86.7
Columbia	Colombia WP Decaf - Huila Pitalito	7.6	7.8	8.5	8.5	7	8.3	7.5	8	6	8	8	84.2
Costa Rica	Costa Rica Los Nacientes	8.5	8.2	8.6	8.5	8.8	8.5	8.2	7.8	8	8	4	87.1
Costa Rica	Costa Rica Tarrazu "Sangre de Toro"	8.7	8.8	8.6	8.7	8.4	8.8	9	8.5	8	8	5	90.5
Costa Rica	Costa Rica Lourdes de Naranjo - Finca Fidel	8.4	8.7	8.7	8.8	8.3	8.8	8.5	8	8.4	7.5	4	88.1
Costa Rica	Costa Rica Bajo Canet de Tarrazu	8.5	8.3	8.3	8.4	8.5	8	8	7.5	8.3	8	5	86.8
Costa Rica	Costa Rica La Legua Bourbon	8.5	8.6	8.6	9	8.6	8.5	8.4	8	8	8	4	88.2
Costa Rica	Costa Rica Helsar de Zarcero - Macho Arce	8.6	8.7	9.1	8.6	7.5	8.5	8	8.7	7.5	8.3	4	87.5
Costa Rica	Costa Rica San Martin de Leon Cortes	8.6	8.8	8.6	9	8.3	9	8.7	8.5	7.5	8.5	4	89.5
Costa Rica	Costa Rica Chirripo Los Crestones -Finca Alaska	8.4	8.5	8.7	8.4	8.6	8.6	8.5	8.5	6.7	8	4	86.9
Costa Rica	Costa Rica Hernan Solis Villa Sarchi	8.6	8.6	9	8.5	7.5	8.4	8.5	8.5	8	9	5	89.6
Costa Rica	Costa Rica Manantiales -Finca Fidel	8.6	8.7	8.7	8.8	8.5	8.7	8.5	8	8.4	8	4	88.9
Costa Rica	Costa Rica West Valley WP Decaf	7.8	8.3	8.3	8.3	7.5	8.2	8	7.5	6	9	7	85.9
Costa Rica	Costa Rica Hernan Solis Villa Sarchi	8.4	8.5	9	8.5	7.5	8.4	8.5	8.5	8	9	5	89.3
Costa Rica	Costa Rica Dota Tarrazu -La Bisunga	8.7	8.7	8.7	8.6	8.5	8.5	7.5	8	7	8	5	87.2
Costa Rica	Costa Rica Helsar Caturra - Macho Arce	8.7	8.7	9	8.6	7	8.5	8	9	7	8.5	5	88
Costa Rica	Costa Rica Herbazu Yellow Honey	8.5	8.7	9	8.8	8.4	8.6	8	8	8.5	8.5	4	89
Costa Rica	Costa Rica Dota Tarrazu "Sangre de Toro"	8.8	8.8	8.7	8.9	8.4	8.8	8.7	8.5	8	8	5	90.6
Costa Rica	Costa Rica San Marcos Tarrazu	8.8	8.5	8.8	8.8	8.6	8.8	8.6	9	7.5	8.5	3	88.9
Costa Rica	Costa Rica Chirripo -Finca Alaska	8.4	8.5	8.9	8.6	7.2	8.6	9	8.5	7	9	5	88.7
Costa Rica	Costa Rica Finca La Ponderosa 100% Bourbon	8.8	8.6	8.8	9.2	8.6	9	8.6	7.8	8.5	8	4	89.9
Costa Rica	Costa Rica Cafetalera Herbazu	8.6	8.8	9.4	8.8	7.7	8.6	8.8	9	8	9	4	90.7
Costa Rica	Costa Rica Cafetin San Martin	8.6	8.7	8.7	9	8	9	8.7	9	7.5	9	4	90.2
Costa Rica	Costa Rica Caturra - "Macho Arce"	8.7	8.7	9	8.6	7	8.5	8	9	7	8.5	5	88
Costa Rica	Costa Rica El Puente Tarrazu Caturra	8.5	8.5	8.7	8.8	8.6	8.4	8.4	8	7.5	8.5	4	87.9
Costa Rica	Costa Rica Chirripo - Los Crestones	8.4	8.5	8.8	8.6	7.3	8.3	9	8.5	6.5	9	5	87.9
Costa Rica	Costa Rica Herbazu Red Honey	8.4	8.7	9.2	8.8	8	8.3	7	8.4	7	8	6	87.8
Costa Rica	Costa Rica Gillio Francesa -Finca El Espino	8.3	8	8.4	8.8	8.5	8.5	8.2	7	8.5	7.5	7	88.7
Costa Rica	Costa Rica Helsar Villa Sarchi Solis	8.4	8.5	8.9	8.5	7.5	8.4	7.5	8.5	8	9	4	87.2
Costa Rica	Costa Rica Peaberry-Petite Bean Experiment	8.8	8.7	9	8.6	7.5	9	9	8	7	8	6	89.6
Costa Rica	Costa Rica Don Mayo "La Ponderosa" Bourbon	8.8	8.6	8.8	9.2	8.6	9	8.6	7.8	8.5	8	4	89.9
Costa Rica	Costa Rica "Cafe Sin Limites"	8.5	8.7	9.3	8.8	8.8	8.6	7.8	7.8	8	8.5	4	88.8
Costa Rica	Costa Rica R.I.P. 2009	7.5	7.5	8	8.3	10	8.2	6	6.5	7	7	8	84
Costa Rica	Costa Rica Tarrazu -Montes de Oro	8.5	7.8	8.7	8.6	8	8.7	8.8	7.5	7.5	8	6	88.1
Costa Rica	Costa Rica Helsar de Zarcero	8.6	8.7	8.9	8.6	7	8.5	8.5	9	7	8	5	87.8
Costa Rica	Costa Rica La Magnolia SWP Decaf	7.5	8	8.2	8.4	8	8.2	8	7.5	6	9	7.5	86.3
Costa Rica	Costa Rica La Candelilla Guaca Bourbon	7.5	8	8.5	9	7	9	8	7.5	7	8	7.5	97
Costa Rica	Costa Rica Lourdes de Naranjo Herbazu	8.5	8.7	9.3	8.8	8	8.6	7	10	8	9	5	90.9
Costa Rica	Costa Rica Herbazu Yellow Honey	8.4	8.7	9.2	8.8	8	8.3	7	8.4	7	8	6	87.8
Costa Rica	Costa Rica Helsar Organic Naranjo	8.7	8.7	8.6	8.6	7	8.3	8.5	9	6	9	5	87.4
Costa Rica	Costa Rica Violeta -Don Teófilo Estate	8	6.8	9	8.7	7	8	8	8.5	6.5	9	7.5	87
Costa Rica	Costa Rica Tarrazu -Montes de Oro	7.7	7.8	8.7	8.4	8	8.3	8	7.5	6	8	7.5	85.9
Costa Rica	Costa Rica La Candelilla Tarrazu "Miel"	7.5	8	8.5	9	7	9	8	7.5	7	8	7.5	87
Costa Rica	Costa Rica Gillio Francesa - Finca Guadelupe	8	7.6	8.4	8.7	8	8.5	8	8	6	8	7	86.2
Costa Rica	Costa Rica Monte Crisol WP Decaf	7.5	8.3	8	8.3	7	8.2	8	7	6	8	7.5	83.8
Costa Rica	Costa Rica Helsar "Typica Villalobos"	8.4	8.7	8.6	8.7	8	8.6	8.5	8.8	6.6	9	4	87.9
Ecuador	Ecuador Puyango Loja	8.4	8	8.5	8.5	7.5	8	8.5	8	7	9	5	86.4
El Salvador	El Salvador Finca Kilimanjaro 2 Lb Set	8.8	8.7	9.2	9	8	9	9	8.5	8	9	5	92.2
El Salvador	El Salvador Finca El Manzano	8.4	8.2	8.4	8.5	8.7	8.4	8.5	8	7.8	8.3	3.5	86.7
El Salvador	El Salvador La Montańita Pacamara	8.8	8.7	8.7	9	8.3	8.8	8.8	8	8.7	8	4	89.8
El Salvador	El Salvador Manzano Process Experiment - 3 lb set	8.6	8.5	7.8	8.6	9.2	8.6	8.5	7.3	8.4	8	4	87.5
El Salvador	El Salvador La Divina Providencia	8.5	8.8	8.6	8.8	7.7	8.7	8.7	8.8	7.5	8	3	87.1
El Salvador	El Salvador Finca Matalapa Peaberry	8.5	8.6	8.7	8.7	7.5	8.3	8.5	8	8	8	5	87.8
El Salvador	El Salvador Santa Ana Naranjo	8	8.2	8.4	8.6	8.8	8.5	8.4	8.3	7.5	8.5	4	87.2
El Salvador	El Salvador Manzano Dry-Process	8.6	8.5	7.8	8.6	9.2	8.6	8.5	7.5	8.4	8	4	87.7
El Salvador	El Salvador Finca Matalapa Peaberry 2010	8.4	8.6	8.7	8.7	7.5	8.3	8.5	8	8	8	5	87.7
El Salvador	El Salvador Finca Siberia Pacamara	8.6	8.7	8.7	8.7	7.5	8.8	8	8.5	7	8.5	5	88
El Salvador	El Salvador Finca Siberia Bourbon	8	8.3	8.5	8.5	8	8.5	8	8.4	7	8.4	5	86.6
El Salvador	El Salvador Molino de Santa Rita	8.2	8.5	8.4	8.5	8.8	8.5	7	8	7.5	8	4	85.4
El Salvador	El Salvador Finca El Majahual	8.4	8.6	8.5	8.5	8.7	8.5	7.5	8.3	7.5	8	4	86.5
El Salvador	El Salvador Siberia Estate Bourbon 2010	8	8.3	8.5	8.5	8	8.5	8	8.5	7	8.5	5	86.8
El Salvador	El Salvador FInca Matalapa "Las Matalapitas"	8.3	8.6	8.7	8.6	8	8.5	8.7	8	7.5	9	4	87.9
El Salvador	El Salvador La Montańita Pacamara SHRUB	9	9	8.7	9.2	8	9.2	9	7	9	8	5	91.1
El Salvador	El Salvador Finca La Florida	8.4	8.6	8.6	8.5	7.5	8.4	8	8	7.5	8	5	86.5
El Salvador	El Salvador Cup of Excellence La Pinera Pacamara	8.7	8.8	8.7	8.8	8.6	8.7	8	8	8.5	8	5	89.8
El Salvador	El Salvador Finca Kilimanjaro	8.8	8.7	9.2	9	8	9	9	8.5	8	9	5	92.2
El Salvador	El Salvador Manzano Process Experiment - 3 lb set	7	7	8.5	9	9	8.4	8.5	10	8	10	4.5	89.9
El Salvador	El Salvador Peaberry "Aida's Grand Reserve" 2010	9	9	9.2	9.2	8.8	9.4	9.2	8	8.5	8.5	5	93.8
El Salvador	El Salvador Siberia Estate Pacamara 2010	8.5	8.8	8.7	8.7	7.5	8.8	8	8.5	7	8.5	5	88
El Salvador	El Salvador Matalapa -Tablon El Amate	8.3	8.5	8.6	8.5	8.3	8.5	8.8	8	7	9	4	87.5
El Salvador	El Salvador Finca San Gabriel Bourbon	8.4	8.5	8.7	8.5	7.8	8.4	8	8.5	7	8	5	86.8
El Salvador	El Salvador Finca Matalapa 2009	7.5	8	8.7	8.5	8.5	8.5	8.5	8.5	7	9	4	86.7
El Salvador	El Salvador Matalapa -Puerta Zapa Microlot	7.5	8	8.5	8.6	8.7	8.5	8.2	8	7.2	9	4	86.2
El Salvador	El Salvador Cup of Excellence La Montańita Pacamara	8.5	8.8	8.8	8.7	8.4	9	8	7.5	9	8	5	89.7
El Salvador	El Salvador Los Luchadores Pacamara	8.4	8	7.5	9.2	8.8	8.8	9	7.5	8	8	6	89.2
El Salvador	El Salvador Cup of Excellence -Villa Espana Bourbon	8.5	8.8	8.8	8.7	8.4	9	8	7.5	8	8	5	88.7
El Salvador	El Salvador Matalapa "El Mirador"	8.6	8.6	8.8	8.6	8.5	8.5	8	8.4	7.5	8.5	4	88
El Salvador	El Salvador Peaberry "Aida's Grand Reserve" 2009	9	9.2	8.7	9.4	8.7	9.4	8.5	7.5	9	8.5	5	92.9
El Salvador	El Salvador Finca Kilimanjaro 2009	8.9	8.7	9.3	9	7.5	9	9	9	8	8	6	92.4
El Salvador	El Salvador Siberia Estate Pacamara 2009	8.6	8.9	8.7	8.7	7.8	8.8	8	8.5	7	8.5	5	88.5
El Salvador	El Salvador Finca Matalapa Peaberry 2009	8.4	8.6	8.8	8.6	7	8.5	8	9	7	9	5	87.9
El Salvador	El Salvador La Montańita Pacamara	8.5	8.8	8.8	8.7	8	9	8	7	9	8	5	88.8
El Salvador	El Salvador Pulp Natural Finca Mauritania	8.5	7.8	8.2	8.6	8.5	8.3	8	7	7	8	7	86.9
El Salvador	El Salvador Siberia Estate Bourbon 2008	8	8.5	8.7	8.5	7.8	8.5	8	8.5	7	8.5	5	87
El Salvador	El Salvador Matalapa Estate Bourbon	8	8	8.6	8.5	7.8	8.5	8	8.5	7	8.5	5.5	86.9
El Salvador	El Salvador Santa Rita Full Natural	8.5	8.7	8.5	8.7	9.4	8.8	6.5	5.5	8	8	7	87.6
El Salvador	El Salvador Los Luchadores Pacamara	8.4	8	7.5	9.2	8.8	8.8	8	7	8.5	8	6	88.2
El Salvador	El Salvador Finca Kilimanjaro 2008	8.5	8.5	9.3	9	7.5	9	9	8	7	8	8	91.8
El Salvador	El Salvador Peaberry "Aida's Grand Reserve" 2008	9	9.2	8.7	9.6	9	9.4	8.5	7.5	9	8.5	5	93.4
El Salvador	El Salvador - Orange Bourbon Cultivar	8.5	8.7	8	8.6	8.8	8.5	9	8	6	8	5	87.1
El Salvador	El Salvador Cup of Excellence - Finca Malacara	8.2	8.5	9	9	8.5	8.8	9	9	6	8.8	5	89.8
El Salvador	El Salvador Finca Mauritania	8.5	8.5	8.4	8.8	8	8.7	8	9	6	9	5	87.9
El Salvador	El Salvador - Yellow Bourbon Cultivar	8.5	8.7	8.6	8.7	7.5	8.8	8.5	8	7	8	5	87.3
Ethiopia	Ethiopia DP Sidama Aleta Wondo	8.9	9	7.5	9.2	9	8.8	8.7	7	9	6.5	7	90.6
Ethiopia	Ethiopia Limu Borka Gudina	8.3	8.5	8.3	8.6	9	8.5	8	9	7.5	8	4	87.7
Ethiopia	Ethiopia Harar Longberry	8.8	8.8	8.4	8.5	8.5	8.4	8	7	8.5	7	5	86.9
Ethiopia	Ethiopia Yirga Cheffe Dumerso Cooperative	8.7	8.9	8.7	8.9	8.7	8.8	8.5	8	8.5	7.8	4	89.5
Ethiopia	Ethiopia Dry Process Bench Maji Biftu	8.6	8.7	8.6	9.3	8.5	9.4	8.5	6.8	8.5	7	5	88.9
Ethiopia	Ethiopia Moplaco Yirga Cheffe	8.8	8.8	8.9	9	8.5	8.9	9	9	8.3	8	4	91.2
Ethiopia	Ethiopia Organic Guji Suke Quto	9.1	9.2	8.9	9.5	7.5	9.3	8	8.5	8.5	8	5	91.5
Ethiopia	Ethiopia Gr. 3 Dry Process Yirga Cheffe	9.4	8.2	8.6	9.3	8.5	9.4	8.5	6.8	8.5	7	5	90.2
Ethiopia	Ethiopia Harar Longberry	8.7	8.8	8.3	8.8	8.6	8.3	7.8	6.8	8.5	7.5	5	87.1
Ethiopia	Ethiopia Yirga Cheffe	8.9	8.8	8.9	9	7	8.8	8.5	8.5	7.5	8	5	88.9
Ethiopia	Ethiopia Wet-Process Jimma -Duromina Coop	9	8.8	8.8	9	8	9	9.2	9.4	8	8	3	90.2
Ethiopia	Ethiopia Wet Process Wollega Leka Wato	8.8	8.7	9.2	9.5	8.5	9.2	9.8	9	7.8	8.5	4	93
Ethiopia	Ethiopia Sidama Bonko	9	8.8	9.2	9.2	8	9	9	8.5	8	8	5	91.7
Ethiopia	Ethiopia Sidama WP Decaf	8	8.4	8.5	8.3	8.7	8.6	8	8	6.5	7.5	6	86.5
Ethiopia	Ethiopia FTO Sidama -Shilcho Cooperative	9	8.9	8.8	9	7	8.7	8.5	8.5	7	8	6	88.4
Ethiopia	Ethiopia Gr. 3 Dry Process Yirga Cheffe	9.4	9.2	8.6	9.5	8.3	9.4	8.5	7	8.5	7	5	90.4
Ethiopia	Ethiopia FTO Wet Process Uraga Layo Teraga	9	9	8.7	9	8	9	8.5	9	7.5	8.5	4	90.2
Ethiopia	Ethiopia Harar Organic Dry Process Biftu Genema	9	8.8	8.5	9	8.8	9.2	8.4	7	9	7	5	89.7
Ethiopia	Ethiopia Dry Process Weshi Jimma	9.2	9.2	8.6	9.2	7.5	8	8.8	8	8.5	7	5	90
Ethiopia	Ethiopia Wet Process Guji Oromo	9.2	9.3	8.9	9.3	7	9.5	8	8.5	8.5	8	5	91.2
Ethiopia	Ethiopia Yirga Cheffe Kochere	8.9	8.8	8.9	9	7	9	8.5	9	7.5	8.5	5	90.1
Ethiopia	Ethiopia Organic Shakiso Wet Process	8.8	8.7	8.6	9	8.4	9	9	9	8	8	3	89.5
Ethiopia	Ethiopia Organic Shakiso Sidamo "Maduro"	9	8.7	8.5	9.2	8.8	9.3	8	6.5	9	7.5	7	91.5
Ethiopia	Ethiopia FTO Shoye Sidamo WP Decaf	8.6	8.3	8.6	8.8	8.5	8.6	9.5	6.5	8.5	8	5	88.9
Ethiopia	Ethiopia FTO DP Sidamo Shoye Union	9.4	9.2	8.8	9.3	9	9.3	9.5	6.5	8.5	6	5	90.5
Ethiopia	Ethiopia Organic Yirga Cheffe, Koke Coop	8.8	9	9	9.4	8.2	9.4	9.5	8.5	8.5	8	4	92.3
Ethiopia	Ethiopia Dry-Process Sidamo MC Decaf	8.2	8.4	8.5	8.4	8.5	8.6	8.2	8	7	7.5	5	86.3
Ethiopia	Ethiopia FTO Oromia Yirga Cheffe	8.8	9	8.8	9	8	8.9	9	8.5	8	8	4	90
Ethiopia	Ethiopia DP Haile Selassie Sidamo	9.4	9.2	8.7	9.3	8.7	9.3	9.5	7	8.3	7	6	92.4
Ethiopia	Ethiopia Organic Dry Process Guji Sidamo	9	8.7	8.4	9.2	9	8.8	8	6.5	8.5	5.5	7	88.6
Ethiopia	Ethiopia Organic Guji Sidamo SWP Decaf	8.5	8.6	8.7	8.6	8.8	8.5	8.4	8.5	7	9	3	87.6
Ethiopia	Ethiopia Gr.3 Dry Process Yirga Cheffe	9.5	9.3	8.7	9.6	8.3	9.4	8.5	7.5	9	7.5	5	92.3
Ethiopia	Ethiopia Moplaco Yirga Cheffe	8.8	9.5	8.9	9.4	8.6	8.7	9	9	8.3	8	4	92.2
Ethiopia	Ethiopia Dry-Process Sidamo MC Decaf	8.2	8.4	8.5	8.4	8.5	8.6	8.2	8	7	7.5	5	86.3
Ethiopia	Ethiopia Mullege Yirga Cheffe	8.7	8.7	8.8	8.7	8.6	8.7	8.5	9	7.5	8	2	87.2
Ethiopia	Ethiopia Dry-Process Sidamo WP Decaf	8	8.4	8.5	8.3	8.7	8.6	8	8	6.5	7.5	6	86.5
Ethiopia	Ethiopia Wet-Process Bonko	9	8.7	9.5	9	6.5	9	9	10	7	9	5	91.7
Ethiopia	Ethiopia Organic Dry-Process Birbissa	8.5	9	7.5	9	9	8.4	7.5	5.5	9	6	7	86.4
Ethiopia	Ethiopia Organic Kemala "Korito Koran"	8.5	8.2	6.5	8.7	9.5	8.8	8.5	6	8.5	6.5	7.5	87.2
Ethiopia	Ethiopia Organic Natural Djimma WP Decaf	8	8.3	8	8.3	6.5	8.3	8	7	7	7.5	8	84.9
Ethiopia	Ethiopia Organic DP Bonko "Black Sun"	8.6	8.8	8.6	9.2	8.5	9.3	9	6	9	7	8	92
Ethiopia	Ethiopia Organic Wet-Process Kebado	9	9	8.8	9.5	6.5	9.6	9	8	8	8	7	92.4
Ethiopia	Ethiopia Organic DP Idido Misty Valley	8.6	9	8.6	9.2	7.4	8.8	8	7.5	9	7.8	6	89.9
Ethiopia	Ethiopia Kembata Grade 4 Dry-Process	8.3	8.6	9	8.7	8.6	8.8	8.5	6.5	8.5	6	7.5	89
Flores	Indonesia Flores Organic Manggarai	8.2	8.3	7.8	8.6	8.9	8.7	8	7	7.4	7	7	86.9
Guatemala	Guatemala Antigua Red Bourbon	8.5	8.6	8.7	8.8	8	8.8	8.5	9	7.5	9	3	88.4
Guatemala	Guatemala Antigua -Finca Retana Yellow Bourbon	8	8.4	8.5	8.8	7.5	8.9	8	8	6	8	7.2	87.3
Guatemala	Guatemala Finca La Esmeralda Yellow Bourbon READY	8.6	8.8	8.7	8.5	8	8.4	8	9	7	8	5	88
Guatemala	Guatemala Finca La Florencia	8.4	8.5	8.6	8.7	8.6	8.5	7.8	8.5	7.5	8.5	4	87.6
Guatemala	Guatemala Bourbon -Finca San Diego Buena Vista	8.4	8.5	8.6	8.6	9	8.5	7.7	8.5	7.6	8.5	3	86.9
Guatemala	Guatemala Antigua Finca Cabrejo	8.5	8.7	8.6	8.9	7.8	9	8.5	9	7.5	8	4	88.5
Guatemala	Guatemala Acatenango Gesha 2011	9.2	9.4	9	9.5	7.5	9.5	9	8.7	8.6	8	5	93.4
Guatemala	Guatemala San Juan Sacatepequez - Villa Lupe	8.3	8.4	8.6	8.7	7.5	8.6	8	8.5	7	8	6	87.6
Guatemala	Guatemala Antigua Hacienda Carmona Pulcal	8.4	8.4	8.5	8.8	7.5	8.9	7.9	9	7	8.5	4	86.9
Guatemala	Guatemala San Juan Pixcaya SWP Decaf	7.8	8	8.5	8.6	7	8.5	8.3	8.3	7	9	5	86
Guatemala	Guatemala Huehuetenango -Finca La Providencia Dos	8.5	8.3	8.7	8.5	8.6	8.6	8.4	7.8	7.5	8	4	86.9
Guatemala	Guatemala Ojercaibal	8	8.5	8.8	8.3	8	8.5	8.5	9	7	8.5	4	87.1
Guatemala	Guatemala Antigua Hacienda Carmona Pulcal	8	8.4	8.5	8.8	7.5	8.9	8	9	7	9	4	87.1
Guatemala	Guatemala San Juan Sacatepequez - Villa Lupe	8	8.4	8.5	8.8	7.5	8.8	8	8	7	8	6	87
Guatemala	Guatemala Antigua Finca La Folie	8.5	8.4	8.5	8.9	8	9	8.5	9	7	8	5	88.8
Guatemala	Guatemala Finca La Maravilla SWP Decaf	8.5	8.5	8.6	8.4	7	8.7	8.5	8	7.5	8	6	87.7
Guatemala	Guatemala Finca La Florencia Bourbon 2010	8.5	8.6	8.6	8.8	8.6	8.7	8	8	8	8	5	88.8
Guatemala	Guatemala Acatenango Gesha	9	9	9	9.5	7	9.5	8	8.5	8.5	8.5	5	91.5
Guatemala	Guatemala Bourbon -Finca San Diego Buena Vista	8.6	8.5	8.7	8.7	9	8.5	7.7	9	7.7	8.5	3	87.9
Guatemala	Guatemala Acatenenango -Finca La Soledad	8.5	8.5	8.7	8.6	8.6	8.7	8	9	7	9	3	87.6
Guatemala	Guatemala Finca La Bella JBM Cultivar	8.4	8.6	8.2	8.6	8.5	8.4	7.5	8	7	9	5	87.2
Guatemala	Guatemala Antigua Puerta Verde Bourbon	8	8.4	8.5	8.8	7.5	8.9	8	8	6	8	7.2	87.3
Guatemala	Guatemala Huehuetenango Finca La Maravilla 2010	8.6	8.8	8.9	8.5	7	8.7	8.5	7.5	8	8	5	87.5
Guatemala	Guatemala Huehuetenango La Esperanza Pacamara	9	8.8	8.8	8.8	8.5	8.5	8	7.5	9	8	5	89.9
Guatemala	Guatemala Finca La Florencia Caturra	8.6	8.6	8.7	8.5	7.5	8.4	8	8.5	7.5	8	5	87.3
Guatemala	Guatemala Fraijanes - Finca Agua Tibia	8.3	8.2	8.5	8.5	8	8.5	7.8	8.5	7	8.5	5	86.8
Guatemala	Guatemala Finca La Florencia 100% Bourbon 2009	8.4	8.6	8.5	8.5	8.8	8.6	7.5	8	8	8	5	87.9
Guatemala	Guatemala Bourbon -Finca San Diego Buena Vista	8.6	8.4	8.7	8.7	8.8	8.5	8	9	8	8.5	3	88.2
Guatemala	Guatemala Acatenenango -Finca La Soledad	8.5	8.5	8.7	8.7	8.6	8.7	8	9	8	9	3	88.7
Guatemala	Guatemala Palo Blanco WP Decaf	8	8.3	8.6	8.5	7	8.3	7	8	7	8	7	85.7
Guatemala	Guatemala La Maravilla SWP Decaf	8.5	8.5	8.6	8.4	7	8.7	8.5	8	7.5	8	6	87.7
Guatemala	Guatemala Antigua Puerta Verde Bourbon	7.5	8	8.5	8.8	7.5	8.9	8	8	6	8	7.2	86.4
Guatemala	Guatemala Finca San José Ocańa	8.5	8.6	8.8	8.8	8.2	8.8	8	8.5	8	9	4	89.2
Guatemala	Guatemala Huehuetenango Finca La Maravilla 2009	8.5	8.7	8.8	8.4	7	8.7	8.5	8	7.5	8	6	88.1
Guatemala	Guatemala Finca La Bella JBM Cultivar	8.3	8.2	8.7	8.6	8	8.5	8	8.3	6.5	9	6	88.1
Guatemala	Guatemala Acatenango Gesha	9.2	9	9.4	9.5	7	9.5	8.5	9	8.5	9	5	93.6
Guatemala	Guatemala Fraijanes - Finca Agua Tibia	8.3	8.2	8.7	8.6	8	8.5	8	8.3	6.5	9	6	88.1
Guatemala	Guatemala Antigua Los Pastores Peaberry	7.5	8	8.5	8.8	7.5	8.9	8	8	6	8	7.2	86.4
Guatemala	Guatemala El Injerto Estate 100% Bourbon	8	8.5	8.5	8.8	8.5	8.5	8	9	8	9	5	89.9
Guatemala	Guatemala Organic Finca Ceylan Maragogype	8	8.2	8.4	8.7	8	8.8	7	7	8	8	7	87.1
Guatemala	Guatemala San Jose Pinula -La Trinidad	8.5	8	8.6	8.8	8.9	8.9	5	9	7	9	6	87.7
Guatemala	Guatemala Huehuetenango "Quetzal Azul"	8.3	8.6	9	8.9	8	9.2	8	8	8.5	8	5	89.5
Guatemala	Guatemala Cup of Excellence #1 -El Injerto	8.5	9	8.8	9	8.5	9	8	8	9	8	8	93.8
Guatemala	Guatemala Oriente Dry-Process	8.4	8.4	7.5	8.8	9.5	8.6	5	5	9	6	8	84.2
Guatemala	Guatemala Huehuetenango WP Decaf	8	8.3	8.6	8.5	6	8.3	7	8	6	8	7	83.7
Hawaii	Hawaii Ka'anapali DP Maui Moka 16 Screen	8	8.6	7	8.6	9	8.5	8.5	7	6	8.5	7	86.7
Hawaii	Hawaii Kona -Kowali Farm JBM Cultivar	8.5	8.6	8.6	8.8	7	8.7	8.5	9	7	8.5	5	88.2
Hawaii	Hawaii Kona - Moki's Farm 	8.5	8.6	8.5	8.7	8	8.4	8.5	8.5	7	8.5	5	88.2
Hawaii	Hawaii Ka'u "Rusty's Hawaiian"	8.4	8.4	8.5	8.5	8	8.8	8	8	6.3	9	6	87.9
Hawaii	Hawaii Kona Maragogype	8.8	9	8	9.2	8.8	9	9.4	8	7.5	8	5	90.7
Hawaii	Hawaii Kona -Kowali Farm Typica	8.5	8.3	8.5	8.7	7	8.5	8.3	9	6.5	9	5	87.3
Hawaii	Hawaii Kona -Kowali Farm Typica -Dec 2010	8.5	8.3	8.5	8.8	7	8.5	9	9	6.5	9	6	89.1
Hawaii	Hawaii Kona -Kowali Farm Typica -May 2010	8.4	8.5	8.5	8.8	7	8.6	8.8	9	6	9	6	88.6
Hawaii	Hawaii Ka'anapali DP Maui Moka 16 Screen	8	8.6	7	8.6	9	8.5	8.5	7	6	8.5	7	86.7
Hawaii	Hawaii Kona - Moki's Farm 2010	8.4	8.6	8.5	8.8	8	8.5	8.5	8.5	7	8.5	5	88.3
Hawaii	Hawaii Ka'anapali DP Maui Moka 11 Screen	8	8.6	7	8.4	8.8	8.3	8	7	6	8.5	7	85.6
Hawaii	Hawaii Kona XF Greenwell Farms	8.4	8.5	8.4	8.5	8.5	8.4	8.5	8	7	9	4	87.2
Hawaii	Hawaii Ka'anapali Estate DP Maui Moka	8	8.6	7	8.4	8.8	8.3	8	7	6	8.5	7	85.6
Hawaii	Hawaii Kona -Kowali Farm JBM Cultivar 2009	8.7	8.7	8.6	9	7	8.8	8.7	9	7	8.5	5	89
Hawaii	Hawaii Kona -Kowali Farm Typica 2009	8.5	8.3	8.5	8.8	7	8.5	9	9	6.5	9	6	89.1
Hawaii	Hawaii Kona - Moki's Farm 2009	8.4	8.6	8.5	8.8	8	8.5	8.5	8.5	7	8.5	5	88.3
Hawaii	Hawaii Kona XF -Kowali Farm Typica	8	8.3	8.5	8.8	7	8.5	9	9	6.5	9	6	88.6
Hawaii	Hawaii Kona Lehuula Farm	8	8.3	8.5	8.7	8	8.5	7.5	8	6.5	8	7	87
Hawaii	Hawaii Ka'u - Will & Grace Farm	8	8.4	8.5	8.7	8	8.5	7.5	8	6.5	8	7	87.1
Honduras	Honduras Cup of Excellence -Finca Ovidio	8.8	8.9	8.7	9	8.3	9.2	8.5	8.5	8.8	8.5	3	90.2
Honduras	Honduras Ocotopeque WP Decaf	7.3	8	8.2	8.3	7.6	8	8.1	8.5	7	9	5	85
Honduras	Honduras Santa Barbara Smallholders	8.5	8.6	8.5	8.8	8.6	8.7	8.8	8	8	8	4	88.5
Honduras	Honduras Organic Marcala -Cocosam Coop	8.2	8	8.6	8.6	7.8	8.3	8	8	7.8	8	4	85.3
Honduras	Honduras Organic Marcala -Cocosam Coop 2010	8.2	8	8.6	8.4	7.8	8.5	8	8	7.8	9	4	86.3
Honduras	Honduras Cup of Excellence -Finca Fernandez	8.4	8.5	8.5	8.6	8	8.4	8.5	9	8	9	4	88.9
Honduras	Honduras Organic - Daniel Ordońez III Microlot	8.3	8.5	8.7	8.6	8	8.7	7.5	8.5	7	9	4	86.8
Honduras	Honduras FTO Ocotopeque WP Decaf	7.5	7.9	8.3	8.3	7.5	8	8.1	8.5	7	9	5	85.1
Honduras	Honduras FTO Lempira -Cosagual Coop	8	8.5	8.6	8.5	6.5	8.5	7.5	8	5.5	9	6.5	85.1
Honduras	Honduras FTO Marcala -Beneficio Santa Rosa	8	8.4	8.6	8.4	7	8.5	7	8.5	5	9	6.5	84.9
India	India Monsooned Malabar AA	5	5	6	7.5	9	7.8	5	5	8	9	8	75.3
India	India Sanskriti Arabica	7.5	8.2	7.3	8.5	8.8	8.4	7.5	7	7.5	8.5	5	84.2
India	India Sufia Robusta	6	5	6.5	7	8.8	7	6	7	7.5	8.5	5	74.3
India	India Organic Jasmine Estate Yellikudige	8	8	8.4	8.6	8.8	8.5	8	7	7	8	6	86.3
India	India Kattehollay Estate Peaberry	7.5	8	8.3	8.5	8.8	8.4	7	8	6.5	8.5	7	86.5
India	India Robusta - Jeelan Estate Nirali	6	6.5	5	5	9	5.5	4	6	6.5	9	5	67.5
India	India Mysore Nuggets Extra Bold	7.5	8	7	8.5	8.8	8.4	7	7	7.5	9	7	85.7
Java	Java Sunda Garut	7.8	8	8	8.4	8.5	8	8	7.5	8	8	6	86.2
Java	Java Merapi Robusta	7	6.5	6.4	7	9.5	7.5	4	6.5	8	7	6	75.4
Java	Java Kajumas Organic Taman Dadar	7.6	8	7	8.3	9.5	8.2	6.5	6.5	7.5	8	7	84.1
Java	Java Kajumas Organic Taman Dadar	7.6	8	7	8.3	9.5	8.2	6.5	6.5	7.5	8	7	84.1
Java	Java Kopi Sunda	7.8	8	7.7	8.3	8.5	8	7	7	8	8	7	85.3
Java	Java Kajumas Organic Wet-Hulled	7.8	8.3	6.5	8.4	9.7	8.4	6.5	6.5	7.5	8	7	84.6
Java	Java Kajumas Organic Taman Dadar	7.4	8	7	8.3	9.4	8	6	7	7	8	7.5	83.6
Java	Java Kajumas Curah Tatal	7	7.5	7.3	8.5	9.6	8	6	6.5	8	8	7	83.4
Kenya	Kenya Nyeri Tegu AB	8.6	8.7	8.8	8.8	8.5	8.7	9	8.3	8.7	8	3	89.1
Kenya	Kenya AB Ngunguru	9	9.2	9.4	9.2	9.3	9.2	9	9	8	10	1.7	93
Kenya	Kenya Nyeri Ngunguru	9.4	9.6	9.4	9.2	9.3	9.2	9	9	8.5	9	2	93.6
Kenya	Kenya Nyeri Hill Estate Peaberry	9.1	9.3	9.1	9.1	8.8	9.1	8.8	9	8	9	2	91.3
Kenya	Kenya Nyeri Peaberry - Kirimara Estate	8.8	8.9	9.1	9	8.4	9	8	8	8.4	8.5	4	90.1
Kenya	Kenya Nyeri Tegu June 2011	8.8	8.7	8.7	9	8.5	9.1	9.3	8.3	9.3	8	3	90.7
Kenya	Kenya Nyeri Kagumo-ini	8.8	9.2	9.1	9	8	9	9.2	9	8.5	9	3	91.8
Kenya	Kenya Murang'a AA Kangunu	9.1	9	9.3	9.1	8.8	9.2	8.5	8	9	8.5	4	92.5
Kenya	Kenya Kirinyaga AA Kiunyu	8.8	8.9	9.2	9.5	7.5	9	8.8	8.8	9	8	4	91.5
Kenya	Kenya Kirinyaga AA Kabingara	9	8.8	9.2	9.3	8.4	9	8.7	8.5	9.3	9	3	92.2
Kenya	Kenya Nyeri Tegu AB 2011	8.8	8.7	8.7	9	8.5	9.1	9.3	8.3	9.3	8	3	90.7
Kenya	Kenya Nyeri Ichamara Peaberry	9	9	9.5	9.5	8	9.3	9.4	9	9	9	4	94.7
Kenya	Kenya Kirinyaga Gachami Peaberry	8.8	9	9.2	9.1	8.5	9.1	9	7.5	9	8	4	91.2
Kenya	Kenya Kirinyaga AA Gakuyu-ini	9	8.8	9.2	9.2	8.5	9.2	8.5	9	8	9	3	91.4
Kenya	Kenya Kirinyaga Guama Peaberry	8.9	8.8	9.7	8.8	7.5	9	7.5	8	9	8	5	90.2
Kenya	Kenya Kirinyaga Karimikui Peaberry	8.8	9	9.2	9.5	8.5	9.3	9	7.5	9	8	4	91.8
Kenya	Kenya Nyeri Tegu AB Sept 2010	9	9	9	9.5	8	9.3	9.5	8	9	8	4	92.3
Kenya	Kenya Nyeri Tegu AB 2010	9	9	9.2	9.5	7	9.3	9	8	9	8	5	92
Kenya	Kenya Nyeri AA Gaturiri	8.9	9	8.8	9.2	8.8	9	9.2	8	8.6	8	5	92.5
Kenya	Kenya Kirinyaga Kiangoi Peaberry	8.9	9.3	9.1	9.3	7.5	9.1	8	9	8.4	9	3	90.6
Kenya	Kenya Kirinyaga Peaberry Gakuyu-ini	9.3	8.8	9.3	9.3	8	9.1	8.5	7.5	8.6	8	5	91.4
Kenya	Kenya AA Kainamui Kirinyaga	9	9	9.8	9.4	8.5	9.2	9.5	8	8.5	9	4	93.9
Kenya	Kenya Kirinyaga Karimikui	8.8	8.9	9.2	9.5	8.8	9.3	9	7.5	9.5	8	4	92.5
Kenya	Kenya Murang'a AA Kangunu	9.5	9.3	9.3	9.7	8.8	9.5	9	8	9	9	4	95.1
Kenya	Kenya Kirinyaga Karani Peaberry	9	9.3	9.4	9	8	9	8	9	8	8.5	4	91.2
Kenya	Kenya Kirinyaga Peaberry Gakuyu-ini	9	8.7	9	9	8	9.1	8	9	8.4	8	5	91.2
Kenya	Kenya Kirinyaga Peaberry -Gakuyu-ini Factory	9	8.7	9	9.4	8	9.1	8	9	8.4	9	5	92.6
Kenya	Kenya Kiambu Peaberry - Riuki	8.8	9	8.7	9.2	8.4	9	9.5	8	8	8	4	90.6
Kenya	Kenya Nyeri Kiamabara Peaberry	8.4	9	9.2	9	7.8	9.2	9	8.5	8.5	8	4	90.6
Kenya	Kenya Nyeri Gathaithi Peaberry	8.6	8.8	9.2	9	7.5	8.8	8	9	8	9	4	89.9
Kenya	Kenya Nyeri AA Kiamabara	8.6	8.8	8.9	9.2	8.5	9.2	8.5	9	8.7	8.5	4	91.9
Kenya	Kenya Nyeri Peaberry Kieni	8.7	8.5	9.6	9.3	7.5	9	7.6	9.5	8	9	5	91.7
Kenya	Kenya Kiambu Nyaga Peaberry	9	8.5	9.2	9.4	8.5	9.2	9.2	8.5	8.5	8.5	4	92.5
Kenya	Kenya AA Nyeri Tambaya	9	8.8	8.8	9.4	8.7	9.5	9.5	8.8	8	8.5	4	93
Kenya	Kenya Nyeri Ndiaini-Kiagundo WP Decaf	8.7	8.6	8.9	9.2	7	9	9	8	7.8	9	5	90.2
Kenya	Kenya Nyeri AA Gichatha-ini	8.9	9	8.8	9.2	8.7	9	8.5	8.5	9	8.8	4	92.4
Kenya	Kenya Nyeri Peaberry Kagumo-ini	8.7	8.8	9.2	8.8	7.8	9	9	9	8	9	3	90.3
Kenya	Kenya Nyeri Ngunguru Peaberry	8.7	8.9	9.2	9.5	8.4	9.3	9	8.5	8.5	9	4	93
Kenya	Kenya AA Nyeri Ndaro-ini	8.7	8.9	8.7	9.3	8.7	9	9	8.5	8.5	9	4	92.3
Kenya	Kenya Nyeri AA -Kagumo Coop	9.3	9	9.3	9.5	8.4	9.2	9	8.5	8	9	4	93.2
Kenya	Kenya Kirinyaga -Karinga Peaberry	8.8	8.8	9	9	8.7	8.9	9	8	8	8	4	90.2
Kenya	Kenya Nyeri Peaberry -Mutwewathi Factory	8.8	9	9.4	9.5	6.5	9.8	9	9	8	9	5	93
Kenya	Kenya AA Auction Lot - Ndaroini	8.5	8.6	8.7	9.3	9	9	8.7	8.5	8	9	4	91.3
Kenya	Kenya AA Auction Lot 526 - Tegu	8.3	8.7	9	9	8.2	8.8	7.5	7.8	8	8	6	89.3
Kenya	Kenya Auction Lot 738 -Marua Peaberry	8.5	8.8	8.8	9.2	8.2	9	9	7.5	8	8	5	90
Kenya	Kenya AB Auction Lot #786 - Rukira	8.5	7.5	8.8	9	6	8.6	9	8	7	8	8	88.4
Kenya	Kenya AB Auction Lot WP Decaf	7.8	8.2	8.6	8.5	7.7	8.3	7.8	8	7	8	7	86.9
Mexico	Mexico Chiapas WP Decaf	7.5	7.8	8.3	8.3	8	8	8	8	6.5	8.5	6	84.9
Mexico	Mexico Organic Chiapas Proish Coop	8	8.2	8.7	8.5	7	8.5	8.4	7.8	6	8	6	85.1
Mexico	Mexico Chiapas La Concordia Custepec	8.4	8	8.4	8.3	7	8.2	7.5	7.5	6.5	8.5	6	84.3
Mexico	Mexico FTO Chiapas- Reserva El Triunfo	8.3	8.2	8.4	8.3	7	8.2	7.5	7	7	8	6	83.9
Mexico	Mexico Oaxaca Pluma WP Decaf	7.5	7.5	8	8.2	7.5	8.2	8.3	8.5	6	8	7	84.7
Mexico	Mexico Organic Santa Cruz WP Decaf	7.5	7.5	8.4	8.2	7.5	8.2	8	8	6	8.8	7	85.1
Mexico	Mexico FTO Santa Cruz WP Decaf	7.5	7.5	8.4	8.2	7.5	8.2	8	8	6	8.8	7	85.1
Mexico	Mexico Organic Nayarit Dry-Process	8	8.2	8.3	8.5	9.2	8.5	6	5.5	8.3	8.5	7	86
Mexico	Mexico Organic Chiapas Proish Coop 2009	8	8.2	8.7	8.5	7	8.5	8.5	8.5	6	8	6	85.9
Mexico	Mexico Oaxaca Pluma WP Decaf	7.5	7.5	8	8.2	7.5	8.2	8.3	8.5	6	8	7	84.7
Mexico	Mexico FTO ISMAM Chiapas	8	7.5	8.7	8.6	7.7	8.5	8.5	7.5	6	8	6	85
Mexico	Mexico Organic Oaxaca WP Decaf	7.5	7.5	8	8.2	7.5	8.2	8	8	6	8	7	83.9
Mexico	Mexico Organic Chiapas Proish Coop 2008	7.8	8.3	8.7	8.6	7.7	8.5	8.5	7.5	6.5	8	6	86.1
Mexico	Mexico Organic Nayarit Dry-Process	8	8.2	8.3	8.5	9	8.5	6	6	8.3	8	7	85.8
Nicaragua	Nicaragua Finca Buenos Aires Caturra	8.6	8.6	8.5	8.6	8.5	8.3	8.5	8.4	8	8.5	3	87.5
Nicaragua	Nicaragua Mozonte -Un Regalo de Dios	8.5	8.6	8.4	8.6	8.5	8	8	7.8	8	8.3	4	86.7
Nicaragua	Nicaragua Dipilto -Finca La Union	8.2	8.2	8.5	8.4	8.5	8.4	8.2	7.5	7.8	8.2	5	86.9
Nicaragua	Nicaragua Dipilto -Finca La Virgen	8	8.4	8.4	8.4	8.5	8.2	8	7.5	7.5	8.3	5	86.2
Nicaragua	Nicaragua Jinotega FTO Mancotal	8	8.2	8.3	8	8.5	7.5	8.2	8	7	8	5	84.7
Nicaragua	Nicaragua Nueva Segovia -Un Regalo de Dios	8.6	8.3	8.6	8	8.7	8	8.6	7	8	8	4	85.8
Nicaragua	Nicaragua Pacamara Mama Mina Microlot	8	8.6	8.2	8.3	8.7	8.4	8	7.5	8	8	5	86.7
Nicaragua	Nicaragua Finca San Jose Java Longberry	8.4	8.4	8	8.7	8	8.3	8.5	8	7	9	5	87.3
Nicaragua	Nicaragua Mama Mina Microlot	8.6	8.8	8.5	8.8	8.7	8.7	8.8	8	7.5	8.5	4	88.9
Nicaragua	Nicaragua Limoncillo Pacamara Dry-Process	8.6	8.8	7.7	8.8	9	8.6	8.5	6	8.3	6.5	6	86.8
Nicaragua	Nicaragua Jinotega SHG WP Decaf	8	8.3	8.4	8.4	6.8	8.4	8.5	8	6	9	5	84.8
Nicaragua	Nicaragua FTO Esteli - Miraflor Coop	8	7.8	8.3	7.8	7	7.5	8	8.5	7	9	7	85.9
Nicaragua	Nicaragua Limoncillo Pacamara Dry-Process	8.4	8.6	7.4	8.8	9	8.6	8	5	8	6	8	85.8
Panama	Panama Boquete Elida Estate IN PROGRESS	8.7	8.6	8.7	8.7	7.3	8.6	8.4	8.8	8.5	8.5	4	88.8
Panama	Panama "Siete Dias de Bellota"	8.4	8.4	7.5	8.8	9	8.6	8.6	7.3	8.5	8	5	88.1
Panama	Panama Carmen Estate 1900 Meters	8.5	8.5	8.8	9	8.5	8.7	8.6	7.8	8	7.8	4	88.2
Panama	Panama Organic La Berlina Estate Typica	8	8.5	8.6	8.7	7.8	8.4	9	9	7	8	5	88
Panama	Panama Las Flores de Boquete	8.7	8.8	9	8.7	7	8.7	8	9	7	8	6	88.9
Panama	Panama Esmeralda Gesha -Mario Enero Lot	8.8	8.8	9.4	9	7	9	9.5	8	8	9	5	91.5
Panama	Panama Jurutungo Gesha	9.2	9.3	9	9.3	7.8	9.2	9	8	8.5	7.5	6	92.8
Panama	Panama Jurutungo Caturra X Gesha	8.6	8.8	8.9	8.6	8.6	8.6	8.8	8	8	7.5	5	89.4
Panama	Panama Boquete Lerida -Las Chichicas	8.7	8.9	8.5	8.8	8.8	8.7	9	7.5	8.5	7.5	5	89.9
Panama	Panama Carmen Estate 1900 Meters	8.5	8.5	8.7	9	8.5	8.7	9	7.5	8	8	5	89.4
Panama	Panama Carmen "Siete Dias de Bellota"	8.3	8.5	7.5	9	9	8.6	8	7	8	8	6	87.9
Panama	Panama Esmeralda Gesha -Mario Carnaval Lot	8.8	8.8	9.4	9	7	9	9.7	9	8	8	5	91.7
Panama	Panama Finca La Camiseta	8.4	8.5	8.7	8.7	8.5	8.5	8	8	6.5	8	5	86.8
Panama	Panama Garrido Gesha Collection	9	9.7	9	9.5	8	9	9.8	9	8.5	8.5	4	94
Panama	Panama Las Flores de Volcan	8.7	8.8	9	8.7	7	8.7	8	9	7	8	6	88.9
Panama	Panama Esmeralda Gesha -Lot 2 Caballeriza	9	8.8	9	9	7.8	8.8	9	10	7.5	9	6	93.9
Panama	Panama Carmen Estate 1900 Meters	8.5	8.5	8.7	9	8.5	8.7	8.5	7.5	8	7.5	5	88.4
Panama	Panama Carmen "Siete Dias de Bellota"	8	8.5	7.5	9	9	9	8	7.5	7	8	7	88.5
Panama	Panama Organic La Berlina Estate Typica	8	8.5	8.6	8.7	7.8	8.4	9	9	7	8	5	88
Panama	Panama WP Decaf -Maunier Estate	7.8	8	8.5	8.2	7.5	8	8	8	7	9	6	86
Panama	Panama Carmen Estate 1800+ Meters	8.2	8.5	9.2	8.8	8	9.2	7.8	8	7.2	8	7	89.9
Panama	Panama Boquete Lerida Estate Peaberry	8.5	9	8.8	8.5	7.5	8.5	7	9	7	9	7	89.9
Panama	Panama Boquete Lerida Estate "Miel"	8	8.2	7.6	8.6	9	8.5	7.5	6.5	8	7	8	86.9
Panama	Panama Volcancito Don Pepe Bourbon	8.3	8.5	8.7	9	8.5	8.7	9	8	7	8	6	89.7
Panama	Panama Boquete WP Decaf "Panamaria"	7.5	8	8.6	8.2	6	8	8	8	6	8	7	83.3
Papua New Guinea	Papua New Guinea Baroida Plantation	8.7	8.7	8.6	8.8	8.8	8.5	8.4	6	8.5	7.5	5	87.5
Papua New Guinea	Papua New Guinea AA Kimel	8.6	8.7	8.7	8.7	8.6	8.7	8.4	7.9	7.5	8	5	88.8
Papua New Guinea	Papua New Guinea AA Sigri Plantation	8.5	8.6	8.6	8.7	8	8.5	8.3	7.5	7.5	8	5	87.2
Papua New Guinea	Papua New Guinea Wahgi Peaberry	8.5	8.8	8.8	8.8	8	8.5	8.8	8.5	7.5	8	5	89.2
Papua New Guinea	Papua New Guinea Kimel Peaberry	8.4	8.5	8.5	8.6	8.6	8.5	7	6.5	8	7	7	86.6
Papua New Guinea	Papua New Guinea AA Maloolaba	8.4	8.5	8.5	8.6	8.6	8.5	7	6.5	8	7	7	86.6
Papua New Guinea	Papua New Guinea Peaberry WP Decaf	8.2	8.3	8.4	8.4	8	8.2	6.8	8	7	8	6	85.3
Peru	Peru FTO Apavam Coop Typica	8.4	8.5	8.6	8.6	7.5	8.4	8.5	8	6.5	8	5	86
Peru	Peru FTO CO2 Decaf	7.5	7.5	8.2	8.3	8	8.2	8	8.3	7	8.5	5	84.5
Peru	Peru Las Delicias -Lucio Huaman	8.2	8.4	8.6	8.5	7	8.5	9	8.5	7	9	5	87.7
Peru	Peru Organic Cusco Canelon Small Producers	8.2	8.2	8.4	8.4	8	8.2	8	7	7	9	6	86.4
Peru	Peru Organic Cusco Canelon -Tomas Ovalle	8	8	8.3	8.3	8.3	8.2	8	7	7	9	6	86.1
Peru	Peru FTO Norte WP Decaf	7.6	7.8	8.5	8.5	7	8.3	7.5	8	8	6	7	84.2
Peru	Peru FTO Aparm Coop Typica	8	8.5	8.8	8.4	7.5	8	9	7	7	9	5	86.2
Peru	Peru FTO Competition - Sr. Inocencio Flores	8.2	8.4	8.8	8.4	7.5	8	9	7	7	9	6	87.3
Peru	Peru FTO Norte WP Decaf	7.6	7.8	8.5	8.5	7	8.3	7.5	8	6	8	7	84.2
Peru	Peru FTO San Ignacio Cajamarca	8.2	8.4	8.8	8.4	7.5	8	9	7	7	9	5	86.3
Rwanda	Rwanda FT Dukunde Kawa Musasa	8.8	8.8	8.7	8.7	8	8.8	9	8.5	8.3	8	5	90.6
Rwanda	Rwanda Remera Nyarusiza	8.6	8.7	8.8	8.8	8.5	8.8	8	9	8.5	8	4	89.7
Rwanda	Rwanda Cup of Excellence -Kopakama Coop	8.7	8.9	9	9	9	9	9	8.8	8.4	8.5	3	91.3
Rwanda	Rwanda FT Duhingekawa Women's Cooperative	8.6	8.5	8.8	8.7	8	8.7	8	8	8.5	8	5	88.8
Rwanda	Rwanda FT Dukunde Kawa Musasa	8.7	8.8	8.7	8.7	7	8.7	9	8.5	8	8	5	89.1
Rwanda	Rwanda Gikongoro Nyarusiza (Early 2010)	8	8.6	8.8	8.8	8.3	9	9	9	8	9	3	90
Rwanda	Rwanda Gkongoro Nyarusiza (Early 2009)	8.5	8.9	8.8	8.8	8.5	9	9	9	8	8	3	89.5
Rwanda	Rwanda Cup of Excellence Bufcafe Nyarusiza	8.8	8.6	9.5	8.6	7.8	8.5	9	9	7	9	4	89.8
Rwanda	Rwanda Cup of Excellence Sovu-Maraba	8.5	8.7	8.8	8.5	7	8.4	9	10	7.5	10	5	91.4
Rwanda	Rwanda Wet-Process Robusta	6	6.8	5	6.5	10	6	6	7	7	8	8	76.3
Rwanda	Rwanda Butare Bourbon WP Decaf	8	8.2	8.4	8.5	8	8.5	8	7.5	6.8	7	7	85.9
Sulawesi	Sulawesi Wet-Process Toraja	8.7	8.9	8.6	8.8	7	8.7	8.8	8	8.5	9	4	89
Sulawesi	Sulawesi Wet-Process Tana Toraja Peaberry	8.6	8.9	8.6	8.8	7	8.7	8.8	8	8.5	9	4	88.9
Sulawesi	Sulawesi Toraja WP Decaf	7	7.6	7	8.3	8.7	8	7.5	7.5	7	9	7	84.6
Sulawesi	Sulawesi AA Wet-Process Toraja	8.7	8.9	8.6	8.8	7	8.7	8.8	8	8.5	9	4	89
Sulawesi	Sulawesi AA Wet-Process Toarco	8.7	8.9	8.6	8.8	7	8.7	8.8	8	8.5	9	4	89
Sulawesi	Sulawesi Wet-Process Toarco Peaberry Feb 2010	8.6	8.9	8.6	8.8	7	8.7	8.8	8	8.5	9	4	88.9
Sulawesi	Sulawesi Wet-Process Toarco Flatbean	8.6	8.6	8.6	8.8	7.5	8.7	8.5	8	8	9	4	88.3
Sulawesi	Sulawesi Tana Toraja Ke'pe	8.3	8.1	8.2	8.5	9	8.6	8.4	7	8.4	7.5	5	87
Sulawesi	Sulawesi Wet-Process Toarco Peaberry - April 2009	8.6	8.9	8.6	8.8	7	8.7	8.8	8	8.5	9	4	88.9
Sulawesi	Sulawesi Enrekang "Mount Alla"	8	8.4	8.3	8.5	9	8.6	8.4	6	8	7.5	6	86.7
Sulawesi	Sulawesi Toraja Sapan-Minanga	8.3	8.4	8.3	8.5	9	8.6	8.4	7.5	8	7.5	5	87.5
Sumatra	Sumatra Lintong Dolok Sanggul -READY	8.5	8.4	7.2	8.7	9.4	8.5	7.4	6.7	8.3	8	6	87.1
Sumatra	Sumatra Onan Ganjang Cultivar	8.5	8.6	7.4	8.7	8.8	8.7	8.3	7.5	8.5	8	5	88
Sumatra	Sumatra Dry-Hulled Aceh Bukit	8	8.3	8.2	8.5	8.7	8.4	7	7.8	8	7.5	7	87.4
Sumatra	Sumatra FTO Mandheling SWP Decaf	7.5	7.8	7.5	8.2	8.8	8.3	7.2	7	7.4	8	7	84.7
Sumatra	Sumatra Grade 1 Mandheling	7.6	8	7.3	8.4	9	8.4	7.5	7	8	7	6	84.2
Sumatra	Sumatra Grade 1 Mandheling	7.6	8	7.3	8.4	9	8.4	7.5	7	8	7	6	84.2
Sumatra	Sumatra Lintong Nihota KVW Decaf	7	7.5	8	8.4	8.7	8.3	7	7.5	6.5	9	7	84.9
Sumatra	Sumatra Grade 1 Mandheling Feb 2010	7.6	8	7.3	8.4	9	8.4	7.5	7	8	7	7	85.2
Sumatra	Sumatra Blue Batak Tarbarita Peaberry	8.5	8.5	8.4	8.8	9	8.7	8.3	6.5	8.2	7	5	86.9
Sumatra	Sumatra Classic Mandheling	7.5	8	7.2	8.6	9.1	8.4	7.5	6.5	8.5	9	6	86.3
Sumatra	Sumatra Classic Mandheling	7	8	7.2	8.5	9.3	8.4	7	6	8	9	7	85.4
Sumatra	Aged Sumatra Lintong Peaberry '07 Crop	8.5	7.5	7	8.4	9.3	9.2	7.5	6	9.5	7	8	87.9
Sumatra	Sumatra Blue Batak Tarbarita Peaberry (June 2010)	8.5	8.6	8.4	8.8	9	8.7	8.3	6.6	8.2	7	6	88.1
Sumatra	Sumatra Lintong Dolok Sanggul	8.5	8.2	7.6	8.7	9.8	8.5	7	6.8	8.3	7	8	88.4
Sumatra	Sumatra Takengon Classic Mandheling July 2010	7.8	8.2	7.4	8.5	9.5	8.4	7	6.5	8	8	7	86.3
Sumatra	Sumatra Lintong Blue Batak	8.5	8.6	8.4	8.8	9	8.7	8	6.6	8.2	7	6	87.8
Sumatra	Sumatra Sidikalang WP Decaf	7	8.3	7.5	8.6	8.8	8.6	8	7.5	8	9	6	87.3
Sumatra	Sumatra Onan Ganjang Cultivar	8.4	8.4	7.5	8.7	9.5	8.5	6.5	6.3	8.5	7	8.5	87.8
Sumatra	Sumatra Takengon Classic Feb 2010	7	8	7.2	8.5	9.3	8.4	7	6	8	9	7	85.4
Sumatra	Sumatra Lintong Nihota KVW Decaf	7	7.5	8	8.4	8.7	8.3	7	7.5	6.5	9	7	84.9
Sumatra	Sumatra Blue Batak Tarbarita Peaberry (Jan 2010)	8.5	8.6	8.4	8.8	9	8.7	8	6.6	8.2	7	6	87.8
Sumatra	Sumatra Takengon Classic Nov 2009	7	8	6.5	8.5	9.5	8.4	7	6	8	9	7	84.9
Sumatra	Sumatra Lintong Blue Batak	8.5	8.6	8.4	8.8	9	8.7	8	6.6	8.2	7	6	87.8
Sumatra	Sumatra FTO Aceh Arinagata	8.4	8	7.3	8.6	8.8	8.5	8.4	7.5	7.5	7.5	6	86.5
Sumatra	Sumatra Onan Ganjang Cultivar	8.4	8.4	7	8.7	9.8	8.5	6.5	6	8.5	7	8.5	87.3
Sumatra	Sumatra Lintong Dolok Sanggul	8.5	8.2	7.6	8.7	8.8	8.5	7	6.5	8.5	7	8	87.3
Sumatra	Sumatra Organic Lampahan -Bonkawan Coop	8.3	8.6	8.1	8.7	8.9	8.6	7	6.5	8.2	8	6	86.9
Sumatra	Sumatra Sidikalang	8	8.2	7.6	8.7	8.8	8.5	7	6.5	8.5	7	8	86.8
Sumatra	Sumatra Mandheling WP Decaf	7.5	7.8	7.8	8.2	8.7	8.3	6.8	7	6	8	7	83.1
Sumatra	Sumatra Lintong Dolok Sanggul 2008	8	8.2	7.6	8.7	8.8	8.5	7	6.5	8.5	7	8	86.8
Sumatra	Sumatra Mandheling WP Decaf	7.5	7.8	7.8	8.2	8.7	8.3	6.8	7	6	8	7	83.1
Sumatra	Sumatra Takengon Classic Oct 2008	7	8	6	8.5	10	8.2	7	6	7	9	9	85.7
Sumatra	Sumatra Onan Ganjang Cultivar	8	8.2	7	8.7	10	8.5	6	6	8.5	7	8.5	86.4
Sumatra	Sumatra Lake Toba 19+ Extra Bold	8.4	8.4	8	8.8	9	8.6	7.5	7	8.5	8	7	89.2
Sumatra	Sumatra Gr.1 Mandheling Oct 2008	7.6	7.8	7.5	8.4	9.2	8.2	7	6.5	7.8	7	7	84
Tanzania	Tanzania Mbinga Ruvuma Flatbean	8.5	8.7	8.6	8.7	8.6	8.5	8	8	7.5	8.5	4	87.6
Tanzania	Tanzania Mbinga Ruvuma Flatbean	8.3	8.5	8.4	8.3	8.7	8.2	7.5	7	7.5	9	5	86.4
Tanzania	Tanzania Nyamtimbo Peaberry	8.5	8.6	8.8	8.6	8	8.5	8.3	7.5	7.5	8	5	87.3
Tanzania	Tanzania Blackburn Estate Peaberry	8.6	8.8	9	8.7	8	8.6	8.7	7.8	8	8	4	88.2
Tanzania	Tanzania Ruvuma Peaberry WP Decaf	8.2	8.4	8.6	8.4	7.4	8.2	8.5	8	6.5	8	6	86.2
Uganda	Uganda Bugisu WP Decaf	8	7.8	7.2	8.3	8.8	8.2	7	7	7	8.5	7	84.8
Uganda	Uganda Organic Bugisu WP Decaf	8	7.8	7.5	8.3	8.8	8.4	7	7	7	8.5	7	85.3
Uganda	Uganda Organic Mbale Bugisu	7.8	8.3	8.5	8.5	8	8.6	7.5	7.5	8	7	7	86.7
Uganda	Uganda Organic Bugisu	7.8	8.3	8.5	8.5	8	8.6	7.5	7.5	8	7	7	86.7
Yemen	Yemen Mokha Harasi 	8.8	8	7.8	8.8	8.3	8.5	7.5	6	9.3	7	8	88
Yemen	Yemen Mokha Ismaili	8.6	8.2	7.3	9	8.7	8.6	6.5	7	10	8	7	88.9
Yemen	Yemen Mokha Sharasi	8.8	8.6	8	9	7.5	9	8.4	7	8.8	8	6	89.1
Yemen	Yemen Mokha Sana'ani	8.8	8	8.3	8.8	9	9	7	5	9	7	7	86.9
Yemen	Yemen Mokha Sana'ani Feb 2009	8.8	8	8.3	8.8	9	9	7	6	9	7	7	87.9
Yemen	Yemen Mokha Ismaili 2010	7.8	8	7.5	9	8.7	8.5	6	6	10	8.5	8	88
Yemen	Yemen Mokha Sharasi 2010	9	8.6	8	9	7.5	9	8.2	7	9	8	6	89.3
Yemen	Yemen Mokha Harasi July 2009	9	8	7.4	9	8	8.5	7.5	6	9	7	8	87.4
Yemen	Yemen Mokha Haimi 2009	8	8.2	7.9	9.2	9	9	7.9	6	9.5	6.5	7	88.2
Yemen	Yemen Mokha Sharasi 2009	8.5	8.6	7.8	8.8	6.5	9	8.2	6.5	8.5	9	6	87.4
Yemen	Yemen Mokha Harasi	9	8	7	9	8	8.5	7.5	6	9	6.5	9	87.5
Yemen	Yemen Mokha Mattari	8.5	8.6	7.8	9	9	8.6	6.5	6	8.8	7.2	8	88
